comment_text,class
@david.wood17 knp lo gak berani bersumpah dan bertaruh? Krnlo pecundang. Lo mau lempar batu sembunyi tangan. Akun lo aja bodong. Lo ngaca. Nggak punya kaca? Biar lo lihat seberapa pengecutnya lo,HS
"haha, somad somad. Muka dekil otak 0% , kok ya g malu ngaku ustad....",HS
"hahaha, kaum sableng 212 kl berita begini mrk buta tuli...",HS
"hahaha, makin stress aja  ni umat sableng, dlu raja salma jg d catut  dlm mslh rijik, eh skrg tmbh parah nyatut kepala negara tetangga, segitu parahnya pengikut lu mad...",HS
HIDUP PSI = partai SAMPAH indonesia..... ...,HS
":v web abal2 di bayar brp sih kalianampe rela mau msk neraka, emg di injil ga diajarin kali ya? Ap kitabny udh di amandemen yahudi? Kok org disalib dianggap tuhan? Dn knp yahudi nyalib tuhanny tp umatny gk marah tuhanny di salib? Brarti pd girang tuhanny m",HS
". Nggak waras, stress berat semoga cepet bunuh diri ... ",HS
. Org gitu masih ada aja yang belain... Astafir... Kurangin goblok nya,HS
"... di negaranya diburu sebagai kriminal, disini dieluelukan di istana. Tragis amat. Siapa yang tolol dan konyol. Subhanalloh.",HS
... Emang tuhannya ingin seluruh wanita didunia ini di segala jaman berseragam seperti ini. Ente emang suka mempersulit diri. Onta idiot.,HS
"... Harap maklum akhlakul kharimah seorang begundal, budak dan jongos",HS
"... Itu tabiat bani onta. Kalau bersalah, pertama : mengikari, kedua : ngeles, ketiga : menyalahkan keadaan atau orang lain, kemudian yang keempat : fitnah wal jamaah. Lihat saja yang dilakukan Si Sengkuni al Jogjani, kan polanya seperti itu.",HS
"... Jadi untuk menjaring suara para pemuja batu dan pipis onta, hanya ada satu cara, yaitu seolah-olah petahana adalah penghina, penista, penindas agama, walaupun tidak ada fakta dan data yang valid. Dengan kebohongan dan fitnah yang diulang2 dan berjamaah",HS
"... Kalau tulisan tuhan itu huruf Cina, huruf Korea, atau huruf Latin terus tidak sakral, bukan keajaiban, bukan tanda kebesaran Aulloh ?? Gitu mikirnya tlol banget. Emang tuhan cuman bisa nulis arab ya .? Konyol banget. Tapiii ya sudahlah, wong kencing on",HS
"... Kelihatan siapa2 yang kepengin berkuasa, menggantikan pemerintah sekarang. Tetapi ambisi tanpa prestasi, mau tapi tidak mampu. Akhirnya omongannya jadi clometan, nggak berdasar, jadi nggak waras, aneh tingkahnya. Mereka ini orang2 frustasi. Paham ente ",HS
... Mana suaranya para alumni wan Abud KW212. Kok cuman pada plonga plongo .!!???,HS
"... Membandingkan manusia dengan hewan itu super bodoh, tidak senilai... Maka klo pertanyaannya dibalik, permadi arya tidak menista tidak korupsi dll maka dia sama dengan anjing yg mulia tadi �ð����ð���, setuju?",HS
"... Menurut si Sengkuni al Jogjani, yang patut jari koalisi Partai Aullo adalah Paguyuban Korupsi Syariah, Gerakan Intoleransi dan Rasis, serta Persaudaraan Anti Nasionalis. Sertifikat Halal dari langit sedang diurus oleh Sengkuni. Segera dibagikan sambil ",HS
"... Nggak usah digagas, santai saja menghadapi orang frustasi, nafsu besar tenaga kurang. Anggap saja orang2 yang agak nggak waras, gitu saja. Yang penting kita terus kerja, kerja dan kerja. Semangat bro .!!!",HS
".... Inilah contoh yang mewakili akhlakul kharimah kader2 onta KW 212. Bagaimana jadinya, kalau NKRI bisa mereka kuasai, orang berwajah Iblis syaitonirojim kayak gini saja bisa merampok duit hampir 2 trilliun. Itupun masih banyak pembelanya, itu mungkin se",HS
".... Inilah gambaran anak hasil didikan kaum religious bani onta. Kalau tidak diselamatkan dari ajaran iblis padang pasir, bisa dipastikan gedenya jadi teroris, minimal preman berdaster. Insya alloh.",HS
".... Itulah gambaran tabiat dan akhlak kaum pengusung Wahabi Takfiri. Begundal wan Abud, Jongos bani onta, anti NKRI dan Pancasila. Pahlawan negeri sendiri dikapir2in, dituduh budak sex. Keterlaluan, katanya orang beragama, tapi mulutnya kotor bin busuk, p",HS
.... Justru film ini dibuat untuk menutupi adegan2 yang ente harapkan itu. Paham ente !!?? Pasti ente belum minum pipis onta syariah .. pasti .!!!,HS
".... Kalau ustadnya aja kayak gini, muridnya mau jadi apa.? Kenapa dagangan jaman jahiliyah masih laku. Siapa konsumennya ? �ð����ð����ð����ð����ð����ð����ð����ð����ð����ð����ð����ð���",HS
.... Kan sudah diakui pendukung pasangan A-SU banyak yang sakit jiwa.,HS
".... Kapan kerjanya wan Abud, kok cuman melawak dan cengengesan saja ulahnya. Memang spesies wan Abud ini ciri khasnya nggak mampu bekerja baik dan benar, jadi ulahnya cuman bikin repot masyarakat.",HS
".... Kasian orang ini hidup dalam delusi, hidup di dunianya sendiri akibat cuci otak ajaran Wahabi Takfiri. Tapi kalau dilakukan secara sadar, dia emang dasarnya kriminal, anti NKRI, UUD 1945 dan Pancasila. Artinya tidak perlu belas kasihan. Tumpas saja sa",HS
.... Kayak lalat nemplok di tempat sampah. Dasar sampah masyarakat.,HS
".... Ke depannya jangan sampai ada korporasi, badan atau perorangan pernah menerima lulusan PT dimana mahasiswa KW4, dengan otak udang secuil kayak gini. Manusia2 macam gini tidak akan berguna, berprestasi dan tak punya nilai lebih bagi employee. Sebalikny",HS
".... Kejang dan kesurupan jin padang pasir, beri dia kencing onta. Insyaalloh tambah parah .!!",HS
.... Klop banget. Paguyuban Korupsi Syariah dan penipu ummat koplo. Ganti namanya jadi PKSP alias Paguyuban Korupsi Syariah dan Penipuan,HS
"Krisis moral nih admin, mengkritik dengan kalimat tak sopan dan merendahkan.",HS
"KRISTEN AGAMA LICIK,  AGAMA SESAT,  YG MELAKUKAN PERNIKAHAN SESAMA JENIS DAN MENCARI JEMAAT BARU DGN IMING2 DUIT (read KRISTENISASI)",HS
"Kristen munafik,islam munafik dan cina munafik yg tergabung dalam akun ahoker lebih bahaya dari zionis,,,khususnya cina mereka lebih bahaya dari zionis,,waspada indonesia",HS
Kristen nasi bungkus mau cari dukungan.tapi gak laku,HS
Kristen yesus di sembah dsr kristen anjing bajingn,HS
"kritik boleh, bego jangan. parah admin",HS
Kritik dan menghina itu beda cukkk ... @fahiraidris,HS
Kritik kok di musuhi..... rezim gila.,HS
"Kritik rakyat ke jokowi itu udh kaya pendekar yg pake jurus mabok, asal!! Salah satunya ya hewan yg satu itu, yg mempunyai nama fahira!",HS
"Kritis boleh tp rasional, dongok koq dipelihara buat apa kuliah",HS
"Kritis boleh, goblok karena gak punya otak jgn sampe @zaaditt",HS
Kritis bolehhh goblok jangan . ya ga,HS
"Kritis otak lau kritis, hahhaha",HS
"pks ,,,,goblog kok dipelihara",HS
"PKS : Partai Kont*l Sapi... PAN : Partai Anjink Ngent*t, dan Gerindra :Gerakan Intimidasi Rakyat... 3 partai ini adalah partai pengkhianat...",HS
"PKS ""Partai Kumpulan Selangkangan""....",HS
PKS (Partai Kumpulan Setan) yg akan menyiapkan 9 cawapres �ð����ð����ð����ð���,HS
PKS = babunya IM. �ð����ð����ð���¿,HS
PKS = Partai Komunis Sejahtera,HS
Pks = pki ideologi isis,HS
Pks apa psk sih iniiii....kok kotor sekali sih?,HS
Pks asu,HS
PKS ASUUU,HS
Selama bukan kafir .. makan duit umat ga haram .. hidup islam radikal !! �ð����ð����ð���,HS
Selama dia tidak pulang untuk menyelesaikan kasusnya agar  tau salah atau benar maka selama itu juga dia akan di cap sebagai manusia cabil,HS
"Selama ini gw berpikir PKS partai paling najis,  dgn kasus korupsi paling nista, korupsi sapi impor, terus duitnya dipake buat main pecun. Terus ada kadernya tertangkap ngentot sama abg di mobil. Gubernur sumut di gatot ketangkap KPK krn korupsi dana banso",HS
Selama ini lo ngocok pele r ya di situ,HS
"selama ini org2 yg nyerang pemerintah yg sah siapa ya??yg teriak2 isu PKI,memfitnah presiden PKI,antek aseng asing,dll siapa??kw kejam rudolfo �ð����ð����ð����ð����ð���",HS
"@ongis9 Itu mmg benar, dsni tidak prnh mnyediakan berita HOAX sprti kaum bani onta ahli coli jamaah, adakah yg demo penistaan agama??? Coba klau yg kya gtu orang lain terlebih pak ahok atau pak jokowi, udah habis2an fpi demo bersilit2, akan tetapi pak ahok",HS
@703_jp.t. ngga semua yg teriak Allah itu Islam BEGO! isis beda sama Islam TOLOL! isis bukan Islam GOBLOK!,HS
Susah emang ahoker kontol jokower kontol,HS
susah emang bani taplak. nggak punya akal logika. serba bener bacotnya,HS
Susah emang kalo mental pengemis mah.. Otak sama pantat kalo gk simetris yah bgitu klakuannya..,HS
susah emang klo org udh buta mata buta hati otak seupil paket lengkap dn hiduppun gak lengkap tanpa menebar kebencian itulah kaum kolor pamakan deddeekk ayam�ð��� �ð��� �ð���¡�ð���¡,HS
"Susah emang ngilangin habbit.. �ð���£ @balifta.rainbow , kyknya dese pya 2 kepribadian niy.. Makanya emak gw, gw larang suka ngaji ketempat ustadz2 yg nyari makan dr dakwah.. �ð���¤.. Banyak kok ustadz yg berez.. Tp biasanya gak masuk tipi.. Jangan dicontoh ye bal �ð���",HS
"susah emank kalau d jelasin ke cebong. kita pakek dalil juga mereka ga akan paham. org iq nya ga nyampek. ngomongin dunia aja ga nyampek, apalagi akhirat. ketinggian breh.",HS
Tangkap aja kotoran ini,HS
"Tangkap amin, hari tanoe horeee...",HS
tangkap anjing yg ngepost ni...kurung dia,HS
tangkap bajingan seperti ini yg ga berani tampakan muka jeleknya..,HS
Tangkap bakar hidup2,HS
Tangkap bakarr nih orang perusak generasi doang lu admin goblok,HS
Tangkap bawa k rumah gua kasih makan buaya  si asu kirik ! �ð����ð����ð���¹�ð���¹,HS
Tangkap buronan laknat itu!!!,HS
Tangkap cepetan baut odong2 ini,HS
Tangkap dan di masukin ke bui aja si orang ini @fadlizon,HS
"Tangkap,  bakar,  gantung manusia biadab yg Sudah menghina ibu negara gw �ð��� �ð��� �ð��� �ð��� ",HS
"Tangkap, dan telanjangin sekalian diarak, dan bonyok tuh wajah dan tangannya, kog kurang ajar kebangetan. Pasti orangnya jelekkk dan tidak punya pekerjaan nih orang, tega banget menghina kepala negara,",HS
"Tapi bibib ngajarin kemaksiatan(?)�ð��� yaa kalo yg dukung,mungkin... Wkwk sudah lh ya",HS
"Tapi dibela kaum bani cabul al togelu wal dajjalu,, hahaha!!",HS
@agytha.yora24  gak pernah sekolah kah kamu sampai mulut mu gak berpendidikan seperti gak sekolah..buang2 waktu ladenin org gak jelas sdh kata2 udah gak kaya org berpendidikan.. Mikir malu sama muka euyyyy...,HS
"@ahmad_napitupulu begini nih tingkah laku cebonger, ahoker projo hahahaa otak nya di taro di bol",HS
"@ahmad_napitupulu heeyy lebih biadab lu dasar bani serbet,, lu mau terkenal ye,, ntr gue bikin terkenal,,",HS
@albudiono979 situ yg gak paham ! Ulama gak dijaga siapa lagi yg bakal jadi imam ? Bodo dipelihara ! Itu maksudnya bro,HS
"@angga_widi87 akun lu aja lebih sampis, gimanaa omongan lu lebih dipercaya",HS
"@angga_widi87 lahh ko makin tolol nih orang wkwkwkwk, mana gua tauu karna gua bukan anggotanya bodooh",HS
"@angga_widi87 masyarakat ga berpendidikan gua tanya, malah balik nanya. Malu sm anak lu tuh wkwkw",HS
"@angga_widi87 mblo? Lu kali tuh duda yg disuruh ngurus anak ama mantan istri wkwk, ya gpp berpendidikan, drps muka lu muka susah wkwk",HS
@angga_widi87 muka lu kaya homo wkwkw,HS
@angga_widi87 ngomong sok berbobot tapi gk jauh dari tong kosong,HS
@angga_widi87 ya emg sih muka lu mirip muka orang utan wkwkkwk,HS
@gung.a.gung hahaha akun busuk.. Lu ae mati duluan..,HS
@kebangkitan_212 .. Memang harusnya jalan satu-satunya adalah hukuman mati untuk orang kafir seperti ini .. karena endingnya pasti minta maaf .. jujur saya melihat orang seperti ini .. panas hati saya .. semoga orang ini mati .. secara tragis .. amiiinn,HS
@rafimuhammadi barusan gua lihat n nyadar.... muke lu tuh mirip bgt yg kyk ngasih kartu kuning ke.... gembrut anak mami n kyk gay gt....,HS
@rafimuhammadi buktikan tangkap bantai ramai ramai klo anda tau keberadaan pki... jgn cuma koar koar bacot gk jelas bikin resah masyarakat,HS
@rafimuhammadi sabar mblo... knp harus emosi... toh emang faktanya muke lu mirip ama otak dongo gay itu... maaf mblo klo gua salah,HS
@suriyati_d nih... bilangin sama saudara lo yg pura2 gila.... hahaha..,HS
Anak mana anjing ini min,HS
Anjing2 anjing..gue bunuh lo...kmprett,HS
Anjinx,HS
Apik tenan kyie ceramah'e...pas banget buat cebonger yang doyan lubang tai...,HS
"Astagfirllah semenjak ada si nganu jd byk yg berani berkata kasar kpd agama lain ya �ð���¡ pdhl islam tdk pernah seprrti itu, klu bisa cari lah tuh perempuan laknatullah, mulut wc atau jamban, kasih efek jera dikit, biar tau sopan santun biar sadar klu di indon",HS
Aye dukung bang.. serampang kaki nye injek batang leher nye ntuh orang gile jadi�â��an..bersatu jawara betawi...,HS
Bacok bang ketemu orangnye,HS
"Bajingan ni bocah jangan di ampuni kalo ditemukan hidup langsung bunuh,,,kalo mati langsung di bakar,,,,,",HS
Bantai muka kaya babi KAFIR ini.halal darahnya.,HS
Bisa hancur negri tercinta ini klo byk cukong dan aseng,HS
Bunuh aja yg gnggu2 ulama kt . Sya siap jihat demi agama sya. Allahu akbar,HS
Dasar cebodat,HS
Di bacok aja ni anak ..anjing,HS
"Gilanya kan di bikin ama sutradara2 PKI yg malu2 untuk terang2an, alias banci????",HS
Go blok�ð���,HS
"Gorok skalian bang pelakunya,",HS
Hajar...bang,HS
"Halah yg nyerang jg paling orang lu sendiri. Sok jadi korban mulu, menyedihkan. Mati ae sono",HS
Halal darahnya �ð���¡�ð���¡�ð���¡�ð����ð����ð���,HS
Halal di bunuh,HS
Harusnya di mampusin orang,HS
"Harusnya dimusnahkan org yg menyepelekan agama , amsudah menghina dgn enteng dan ga ada rasa takutnya dia mnta maaf",HS
"Indukannya liberal pasti anakannya juga liberal buah jatuh tidak jauh dari pohonnya itulah orang yg munapiq"" kasian gusdur lagi di pukuli malaikat karna kelakuan anaknya """,HS
Kafir laknat....,HS
Kafir laknut,HS
"Kuatkan barisan,, sepertinya rezim INI sudah mulai menggila,,",HS
Lonte  busuk,HS
Macam macam gibeng aja siap,HS
Mampus bani konde kampret,HS
"mantap bang,,tebas lehernya yg coba bunuh ulama,",HS
Mantap..biar kapok..buntungin aja dulu tangan nye bang...masalah gila apa gk gila belakangan..,HS
"Mantapp bang. Hajar tuh preman""gila",HS
MasyaAllah......semakin berani ya...ketemu ni orang langsung injek2...bonyok foto baru upload...abis itu lemparin ke kandang buaya..,HS
"Memang otak babi yg survei... Goblok, survei abal abal alisa survei sampah......",HS
Merinding.. Siap aja buat menumpas nya,HS
O Wahid found.. Antek zionis rupanya.. Baru tau gw,HS
orang gila 2018 �ð���­�ð���¡�ð���­,HS
Pijakkan batang lehernya,HS
Pura pura Gillaaa... Hajar aja biar kapok sekalian!! Nyawa dibayar nyawaaa!!,HS
Raja kodok skalian sama pengikutnya lagi panik dgn tagar 2019 ganti presiden... �ð���,HS
REKAYASA REZIM BIADAB,HS
Seandai nya kita ketemu gua pasti akan bunu lu mba.. jangan menghina Muhammad Rasullah dan agama kami�ð���¡�ð���¡,HS
semoga orang gila bunuh kapolri....,HS
Si kamvret kudu di jotoooossss�ð����ð����ð����ð���,HS
Sianjing,HS
"Tempel trusss IB HRS, jgn sampai di sentuh atau di lukai sma PKI bangsat",HS
"Wahai saudaraku, pertahankanlah para ulama kita. Jika ada fatwa jihad dari ulama alumni 212 baru kita habisi mereka",HS
Yes.syukak.kau menertawakan sekali saja itu sudah kafirrrrrrrrrr.tak perlu minta maaf.,HS
@mariofermi94 bener bro heran gw sama pendukung nya amis baubadan wkwkwk..,HS
@theosenpaiii kamu jurusan ipa?. Kok malu2in bgt.�ð��� nggapernah diajarin sama gurunya dek kalo baca tuh jangan setengah2. Bagaimana memaknai sebuah kalimat kalau cuma setengah yang kamu kaji?. Generasi micin ya dek. �ð��� belajar sama guru B.INDONESIA sonoh biar,HS
Adminya kek tai �ð����ð����ð����ð����ð����ð��� ngakak gue ga udah udah min wkwkwkwkwkwk,HS
Ahok Korup.... Hukum mati... Kwkwkwkw,HS
"awas om , tar kaum sumbu pendek terpelatuk",HS
Bangga harus nya.. Sarung itu udh jelas khas yg suka dipake org indonesia kalo ke masjid. Pada oon gak bangga sama budaya indonesia,HS
Begonya udah kelewat batas ni wkwkwk,HS
bejat emang rakyatnya jga wkwk,HS
brengsek lu min,HS
"coba tengok gelarnya, mimin.. Psikolog.. tapi dia yang gangguan jiwa sendiri.. �ð����ð��� #cumasekedargelar",HS
Dasar goblokkk..lu paham gak sih arti kata dubes (mantan) ob pea�ð����ð���,HS
"Dhani sekarang kere ...banyak harta nya sudah terjual yg belum terjual tinggal mulan ....siapa yg mau ....?...diobral ,,,barang nya masih mulus ,, dijamin masih tokcer,,, cuma bensin agak borozzz..z�ð����ð����ð���",HS
"Di cek ajalah, apa sih yg bisa diumpetin, buktiin yg ""katanya"" balikin modal, yg repot kl dana kampanye dari c*kong , balikinnya minta lipet2 nyengsarain rakyat kaya itu tuh... #rekl*masi �ð����ð����ð����ð���",HS
Elu nya aja yg goblok... bandung pertama2 tanya dulu walikotanya gobloookkk baru ahernya klo walkotnya ga bisa  diklarifikasi.... yang kena beginian cuma goblok bin tolol,HS
Fahri mulut mu bau taeeeekkkkk ONTA BAHLUL,HS
"fangsat,lucknut,auto kafir �ð����ð����ð���",HS
Fuck buat para koruptor.. �ð���¤�ð���¤�ð���¤�ð���¡�ð���¡�ð���¡,HS
habib setan... udah bodo sok sokan lu @rah.dharma @lisa_oktapiani,HS
Hahahahahahahahha kesian ye bibib emang dia ceramah kl pake ac produk sapa mw kmana2 naek mobil produuk sapa kipas angin produk sapa kaga ngaca....sy muslim tp benci apa habib krn semua ceramahnya mengandung saa,HS
He he bego bgt... dr tglnya aja udh gk ada di peredaran..,HS
Islam arab kampang,HS
ISLAM KONTOL GITU,HS
Itu muka purba amat,HS
Jaksa kentir yo koyo ngene :v,HS
Kalau mau tau apa itu mulan ialah makhluk luar angkasa yg tersesat di bumi. ...menclok dirumah dhani....tapi makhluk nya cantik lo.dan bikin gemes siapa yg lihat...monggo ditawar saja melalui fax ke mr. Dhani dengan no..212414509,HS
Kalo git. Ente ceramah telanjng aje bib. Pakean ente njaitnya pake mesin jait bikinan kafir.  Hiii....,HS
Krn mereka pas pembagian otak mereka ga hadir..jdnya skrg kepala mereka ga ada otak isinya kotoran semua.jd dikit2 pikiran kotor dan jorok �ð��¤��ð��¤��ð���¥,HS
"Licik, picik entah bingung mo ngmong ap sm species ini,,, munafik bgt soalny �ð���§",HS
MAMPUS LU ISLAM ANJING,HS
Mantap simple paka ahok..gk kyk sebelah kbnyakan cocot,HS
"Mending lu nulis di buku diary aja njing, gak guna orang tolol macam lu main FB :v",HS
Mereka yg mengusik pemerintahan itulah belatungnya...harus segera dimusnahkan...kalau tidak akan menebarkan penyakit pada yang laen,HS
Mulut comberan,HS
Otak laskar fpi yaa kaya gini,HS
"otaknya emang dah somplak, malah nyalahin Jokowi, katanya Jokowi gak memperkuat KPK.",HS
pandai menempatkan diri�ð��� #k0nt*L,HS
Penjilat!,HS
"profesor jaman batu,otaknya ky begini...provokator kl ud jd tersangka,baru deh berlagak BODOH minta dikasihani..fu*k off",HS
Rizik pengacau bersorban,HS
Si rijik emang manusia mulut sampah!,HS
Tapi anehnya cina sekarang bnyk lgbt dan dajjal nya hahahh,HS
"UDAH KALAH JUNJUNGAN KAU ITU KAMPRET, BANYAK KALI CERITA KAU",HS
Udah pernh tes psikologi yah?hasilnya apa coba..pasti berindikasi psikopat...�ð����ð���,HS
"Wihhhhhh Syang ya Gelar Psikolog nya smpai Magister,tp Otak dan Fikiran nya kek gini..jgn2 gelar nya itu beli lagi???",HS
Ya allah neh bibib kyk tuhan teriak2 boikot cabut jabatan demo emang dia siape,HS
"Yah gamikir,  mao aja negri sendiri dikuasain cebong asing,  beginilah kalo sampah bicara politik",HS
Yak lo gada kerjaan juga emg ngomentarin kerjaan org lain? Smaa sama sampah mah gausah sok bener pak,HS
yg ud pasti sih baru TOLOL doank min...ga tau kl nanti ada komplikasi jd belaga GILA,HS
"""Orang BERJENGGOT itu GOBLOCK katanya""... Saya yg BERJENGGOT mendoakan semoga beliau diangkat penyakitnya dan di beri hidayah untuk jalan kebenaran �ð���",HS
"@_8055_k4mvr3t bego bolehhh, tp jangan permanen. Ud nyata dibilang hoakkk. Otakkk tolooolll kaya rijik n somed.",HS
@_8055_k4mvr3t enakkk tohhh. Anak hasil gelap rijik.,HS
"@_8055_k4mvr3t enalkk tohh, masa babi dibuat olloh lok haramm. Dasar Anak hubungan gelap rijuk",HS
"@_8055_k4mvr3t otak rijikkk, emang tai makhluk idup??? Kalo otak sama kaya rijikkk lah susahhh. Isinya toket n memekkk trussa",HS
@_8055_k4mvr3t udah taik = mhkluk idup. Tololl boleh tp jangan permanen kaya rijikkk and somed.,HS
"@_8055_k4mvr3t ya namanya juga Babi bro, pasti muke aslinya mirip babi tuh si @buriburiizaemon ..�ð���",HS
@_pahlawan_bertopeng klo yg suka maki2 dan fitnah yg suka berita hoax.kok ngetag kami ya iblis??!!keabisan follower atau keabisan nama utk akun kloningan.caper amat.klo gak caper gak dibayar si asu penjual ayat ya �ð����ð���,HS
@1bong1digit cebongers kebanyakan makan tokai jadinya bego ... udah bego tambah bego jadi dungu..,HS
@1bong1digit itu bencong tertolol bang �ð����ð����ð����ð��� awas nanti di gigit,HS
@1bong1digit iya bang....itu bencong burik ud di tolak  berkali2 masih aj gila �ð����ð����ð���,HS
@1bong1digit yaaaah engkong baru ge nontot ko dah pada pulang.,HS
@a2llysa �ð��¤�£�ð��¤�£�ð��¤�£�ð����ð����ð��¤�£�ð����ð��¤�£�ð����ð����ð��� dasaaaaaar bencooong ga punya otaaaaaaaaak.,HS
"@a2llysa adek ayo pergi jangan deket2 sama cebong tololisasi kayak @jendral.kodok_ingin.kawin212 itu, bisa ketularan nanti. �ð���",HS
@a2llysa hahahahaha maklumin ajah dah . Otak . Tokai. Mulut. Pantat jadi satu semua disituh.,HS
@a2llysa ouuuh itu bencong toh. Yang penyuka lobang tokai yaaaa... iiih jijaaaaaaay weeeewwk,HS
"@Ade armando betul betul sudah gila harus dibawa ke rumah sakit gila grogol, ngaku_ngaku punya Perlindungan Allah swt, tapi teman temanya LGBT, munafikun ,orang orang penista agama,penista Al Quran, penista kanjeng Rasul, penista para ulama , tukang ngusir",HS
"@alifauziyan dasar cebong, Di islam dijelaskan kriteria memilih pemimpin di Alqur'an jelas. gatau ya? oo bukan islam. islam kerat kaitan sama politik, jika islam tidak berpolitik makan islam akan dipolitik tolol.",HS
@andymubarok_212 berkata : @ustad.abujanda GADUNGAN ITU ORANG BODOH YG LG PURA2 PINTER SESUNGGUHNYA DUNGU �ð����ð����ð����ð���,HS
@arifafrizal12 PKI yg titit nya blom di sunat...,HS
@arkhom_maulana_malik cewek lonte dia mah...maklumin lah sdh ga punya harga diri....klo ke jkrt juga palingan jajakan diri dijalanan....mari doakan semoga sadar diri...,HS
@ayi28irwandi goblok hoax dipercaya,HS
@buriburiizaemon babi,HS
"@buriburiizaemon BABI PENGECUT, OH YA KAN BABI PADA DASARNYA PENGECUT !!!!",HS
"@buriburiizaemon gw pengen ketemuan sama loe nih Babi, mau gak ?",HS
@buriburiizaemon tolol bin bodoh...,HS
@buriburiizaemon tolol bin bodoh...,HS
"@buriburiizaemon Woy babi medsos pemakan tai..., Berani lu muncul ke mari �ð����ð���",HS
@corongpublik supaya otak otak rijik kaya elu sembuh. Hahahahahhahahahahahahhahahahahahahahahahaha,HS
@dhanmadhan19 tampol enak nih,HS
@dvikaaaaa goblok bgt komenan lu ah bocah... Kaya jawab pertanyaan anak TK gua...,HS
@fananipohan jakarta kemarin banjir azab kelakuan 212,HS
@jabrik_grey kalo tu tai dan kencing onta bakal emak lu gratisan tuh nnti dibawain.,HS
@jaluhprasetyo wiwikuwi yg sering masuk got cari muka wong ndesssoooo mulutnya bau ngoahahaha,HS
@jendral.kodok_ingin.kawin212 auaaahhh dark.....prblem with u !!! Bencong di tolak ngamuk2 �ð����ð����ð����ð����ð��� suka eyke mo acc or not �ð����ð����ð����ð��� BOMAT !!!!!,HS
"@jendral.kodok_ingin.kawin212 banci di tolak ngamuk2....kaciannn deh cong !!! Muka aj ga berani nunjukin, kenapa ??? Takut ketauan bencong ya ??? Takut ketauan burik ya ???? Wkwkkk �ð����ð����ð����ð��� eyke cwek asli n itu muka saya....problem with u, cong ????",HS
@jendral.kodok_ingin.kawin212 banci jangan tagged eyke �ð����ð����ð��� jijik !!!! Sok kenal !!!,HS
"@jendral.kodok_ingin.kawin212 baru lihat eyke di niqab ud stress u, cong !!! Gimana klo tau lihat muka asli eyke....bisa makin gila u....yang ada eyke tolak 100% wkwkkkk �ð����ð����ð���",HS
@jendral.kodok_ingin.kawin212 bencong teriak bencong �ð����ð����ð��� kenapa u ??? Curhat ya !!! Mana muka u cong ???? Cinta di tolak ngamuk2 n fitnah2.....kaciaaaannn deh wkwkkkk,HS
@jendral.kodok_ingin.kawin212 bencong triak bencong... Nyali kok cma di medsos... Wkwkwkwkwk �ð��� �ð��� �ð��� �ð��� cebong bencong klo di dunia nyata kya cecunguk skali injek mampus.. Ngoaaaahahaha �ð��� �ð��� �ð��� �ð���,HS
@jendral.kodok_ingin.kawin212 bencong2.. loe kali�ð��¤�£�ð���,HS
@jendral.kodok_ingin.kawin212 btw u aj private pakai protes !!!! Cong semakin u ngoceh2....smakin idiot !!!! Malu aahhh sama teman2 u yang bencong2 burik �ð����ð����ð����ð���,HS
@jendral.kodok_ingin.kawin212 btw....cong !!! Kaum ahoker banyak tuhhh yanh ngomongnya narsis pakai eyke2 etc segala....dasar idiot !!! Makanya di crosscheck jangan idiot maximum �ð����ð����ð���,HS
@jendral.kodok_ingin.kawin212 bye2 bencong.....tinggal dulu ya...btw klo ud di tolak jangan gila or bunuh diri....�ð����ð����ð����ð���,HS
@jendral.kodok_ingin.kawin212 cong yang pengecut siapa ???? Ngapain u minta pertemanan pakai accnt fake ? Pakai accnt asli u cong !!! Dasar idiot !!!,HS
@jendral.kodok_ingin.kawin212 eyke lebih najissss ma u !!! Sok kenal n ngejar2 terus �ð����ð����ð��� padahal ud di tolak berkali2 �ð����ð����ð��� btw klo di tolak lagi jangan nyinyir n fitnah ya cong !!!! Iri ya lihat eyke �ð����ð����ð����ð����ð���....banci burik di larang sensi �ð����ð����ð����ð����ð���,HS
@jendral.kodok_ingin.kawin212 klo bukan bencong....bikin pp muka asli....kenapa takut ya ??? Ketauan bencong burik �ð����ð����ð��� btw eyke mo di private or not....terserah !!! Kenapa u yang emosi �ð����ð����ð����ð��� dasar bencong patah hati !!!!,HS
"@jendral.kodok_ingin.kawin212 makanya main yang jauh cong !!! Anak gaul cwek2 banyak yang ngomong eyke.....itu wajar !!! Tapi klo cwok ngomong eyke, itu ga wajar !!!! Haddeeeehhh dasar bencong burik...iri aj.....makanya klo ga tau jangan sok tau.....dasar ",HS
@jendral.kodok_ingin.kawin212 makanya main yang jauh cong...jangan main di comberan terus jadiny teman2 bencong u yang ngomong pada narsis bisa u lihat �ð����ð����ð��� btw najis punya followers bencong !!!,HS
@jendral.kodok_ingin.kawin212 sorry ya....ga terima followers kaum banci burik.....najisss !!!! Kaciannn eyke tolak sakit hati wkekkkk,HS
@jendral.kodok_ingin.kawin212 suka2 eyke....prblem with u cong !!!! Intiny hanyalah orang2 tertentu yang tau diriku �ð����ð����ð����ð��� btw kaum bencong fake smua �ð����ð����ð��� namany aj bencong �ð����ð����ð����ð��� najisss dekat sama kaum jenglot banci !!!,HS
@jendral.kodok_ingin.kawin212 wkwkakwk ada orang tololisasi sejagad masih belum menemukan ketololan yang nyata. �ð���,HS
@kemal_pramayudha iya wan... Begitulahhh para cecunguk dungu yang gk berotak,HS
@kusumaenda19 orang goblok udah lihat berita asli belon,HS
@muslimalqassam begoooo. Kalo postingg liat2 dulu idiot,HS
@muslimalqassam beraninya cm banned fb akhy cebong laknat,HS
@muslimalqassam IQ jongkok cebong khy �ð����ð����ð���,HS
"@muslimalqassam maaf khy chico cm bacot nyali hello kitty , ingin nabok mulut org gtu",HS
@muslimalqassam ulama asuu,HS
"bubarkan aja gp ansor!!, organisasi yg dipenuhi orang2 munafik !!,.",HS
"Bukan yang goblok yang g menang,  tapi cebong sekarang panik",HS
bukannya terlihat pinter malah kelihatan bodohnya bikin malu az..sama az orng mo lahiran di tangani dokter gigi ngawur,HS
bunuh aja,HS
Bunuh aja bunuh,HS
Bunuh aja tu orang gila,HS
Bunuh akunnya,HS
Cabul bong,HS
Cabutin aj kukunya,HS
"cari sampai dapat,halal darahnya, hukum rimba BERLAKU buat IBLIS penghina ULAMA",HS
Cariiiiiii tu munafikun... Jng ksih kendor...,HS
Catat partainya...tumbangkan..mereka china adlah benalu dlm daging utk NKRI,HS
"Cebong kafir.... G tau ilmu, g tau sejarah tp bacot nya kya yg srba tau... Sblm blajar ilmu dan sjarah tntang islam, ni cebong kafir hrs nya blajar dl ilmu dan sejarah Kristen yg benar dan yg sebenarnya... Cebong kafir cma bs cocot di medsos, di dunia nyat",HS
Cebong kan gak ada otak. Apalagi junjungannya,HS
cebong lu nikah aj ama lgbt daripada ngomong gak jelas,HS
"cebong malah senang bisa nyelam bareng nahkoda, aman iya aman, ndas mu wi �ð���¤�ð����ð���½",HS
Cebong nya pg goblok bin tolol min... Bkan kurang otak lg tp emg kaga punya otak min... Mikir nya z pke dampal kaki... Wkwkwkwkwk �ð��� �ð��� �ð��� �ð���,HS
Cebong pea... Klo nangis didpn lobg anus ya.. ??,HS
"Cebong udah fitnah habib yg buktinya diragukan, eh junjungan nya yg hancur diselingkuhin, kejang dah lu bong wkwk",HS
Dasar Dubur,HS
DASAR GOBLOK GK PUNYA OTAK YG PUNYA IDE,HS
Dasar otak bahlul tuh orang.. Susah fitnah buat alquran.. Coba dengar kata pak UAS tentang ayat tersebut.. Ayat itu bukan menjelaskan tentang menghalalkan LGBT ato homo sejenisnya.. Parah neh orang..,HS
Dasar pecundang,HS
Dasar penyembah patung emang..,HS
Dasar tua bangka,HS
Dasat kambing lu,HS
Jgn percaya PDIP nipu wong cilik kerjanya,HS
Orang ratusan saja bilang jutaan dasar pengikut setan iblis boneka pki china,HS
!!!Munafikun..pengikutFREEMASONRY!!!,HS
!!!BU SUK MU..LEBIH MENYENGAT DARI..BUSUKNYA KAFIRR FIRAUN!!!,HS
Hnya d pmrinth skrng mrka pd kurng ajar sm mayoritas trutama kaum munafiik,HS
muak sama banser yg ga jelas dan gp ancur,HS
Hanya ada di rezim tongkol  orgil bunuh kiai,HS
@lovitasd ciyus bebeb... ehhh mau pisang gak?,Not_HS
@lovitasd kalo di punggung itu namanya moshing..,Not_HS
@lovitasd kamu selalu ada di keningku dong.. �ð���,Not_HS
@lovitasd kamu semakin membuat jidatku galau �ð���,Not_HS
@lovitasd kepencet pisang mimin euy..,Not_HS
@mirza_sitanuri habib kok g balik2?,Not_HS
@mirza_sitanuri kenapa ahermania su'udzon ? Oh iya emang kerjaan,Not_HS
@mirza_sitanuri yalah.. Mak banteng udh siap nyeruduk.. Wkwk,Not_HS
@r_palevi benerin dlu ibadah lu. sok2 an bawa ayat suci,Not_HS
@riyannuryanto bibib kemana yaa... Kok umroh lama amatt,Not_HS
@rizalarba33 mau periksa apa lagi ?? Bahkan BPK yg audit pak ahok aja uda TERCYDUKK.. maling teriak maling,Not_HS
@rizqi_amsaina11 kasian juga bibib ga pulang2,Not_HS
"@theosenpaiii kalo mau komen yang berilmu. Kalo belum paham tanya, kalo nggak tau apa2 dan nggak mau tau. mending diem, biar nggak malu2in diri sendiri. �ð��� coba deh lu baca komen gw dan lu kaji komen lo terhadap komen gw. Nyambungnya dimana?.",Not_HS
"@theosenpaiii wkwk. Bang kalo baca tuh sambil di cermati. �ð����ð��� jangan setengah2 bacanya, coba deh baca dari awal. Kok yang sekolahnya gapernah melamun untuk mengkaji kata2 gitu ajah gabisa. Heran gw. �ð����ð���",Not_HS
@tutty_three78 mungkin lagi ngemut asem �ð���,Not_HS
@y626299 yg banjir kota bandung apa kabupaten mas?,Not_HS
"@yudistirahtm pak ahok bukan pak Jokowi, itu kan program Ahok",Not_HS
@zahrul_fuadi94 jangan cuma pandang agamanya saja ini politik bro,Not_HS
aa kalo ga ada hub nya ama pilkada dki mah ogah urusin keles,Not_HS
"Aa lg menikahkan anak gadisnya, min. Sibuk kayaknya",Not_HS
Aa lgi sibuk ngurus anaknya mau nikah min,Not_HS
Abang Kurikulum Sekolah dasar kita itu udah di putar balik kan fakta sejarah.. Masa 1 Juni hari lahir Pancasila gak di titik beratin..,Not_HS
abis ini om telolet di haramin sama sumbu pendek,Not_HS
Abis nie yang liat cewek bakal dilaporkan polisi...apa apa koq polisi...smoga polisi semakin bijak n gak gampang di intervensi sebagian orang,Not_HS
"Ada kuis nama nama ikan gak tuh? Kan lumayan hadiahnya, sepedaan bisa buat obat galau jadi gak sibuk mainan twitter",Not_HS
"Adeuhhh, gimana logikanya, coba? Mas Bima arya walikota Bogor saja sudah sangat kewalahan. Koq mundur beberapa blok cara pemikirannya anies. Sementara Pa Ahok mengadopsi sistem transportasi massal  dari  Negara2 maju.",Not_HS
Admin @memehumorpolitik kenapa pas saya search di fb malah gak nongol? Apa saya kena block ya?,Not_HS
adminnya pro kecebong,Not_HS
Ahok kemana yak? Kok sepi,Not_HS
Ahokers belum move on wkwkwkwk,Not_HS
"Bang...paman seina lama"" kok mirip yg di tipi itu yaak yg dlu bilang "" keponakanku""",Not_HS
Belajar fakta sejarah dari pada mimpi dan hayalan,Not_HS
"Beliau masuk orng 10 terkaya di indonesia di bawah Umur 40 tahu , mantan ketua HIPMI Nasional, sebelum terjun ke dunia politik sudah bnyak brkontribusi untuk kemajuan umat dan bangsa. Yg nyinyir ,udh berprestasi dan berbuat apa ??",Not_HS
Belum april mop kan min?,Not_HS
Belum kelar.. harusnya.. murid :kalo banjir impian dipimpin sama pemimpin yang dipenjara gimana pak guru??.. guru: bikim akun meme humorpolitik.. �ð���,Not_HS
Belum sembuh dr truama di najwa,Not_HS
"Benar jenderal, dia terbuat dari emas permata bukan dari tanah katanya.",Not_HS
Berkat PDIP itu jadi lembaga terkorup,Not_HS
"delete account min mendingan �ð����ð����ð��� tapi tetep ya cuitannya nongol di berita, haha, pindah negara aja yuk minn...",Not_HS
"Demi dewa Odin, Thor ,Loki, Dewi antena dan para Saint Seiya saya tidak rela Godzilla datang jadi Saksi",Not_HS
"di bogor gak ada yg brubah angkot msh ngetem dmana"" masih macet.. gak perubahan yg lbh baik..",Not_HS
Di mulai perang kampanye putaran 2....nonton ahhhhh ...saling hujatan dan cacian makin edunnnnn telolettt,Not_HS
Hahaha belajar mitigasi bencana dulu baru ngericos ttg artinya penyebab banjir dan cara mengatasinya. Pemerintah kemaren asala gusur daerah sempadan sungai  tanpa solusi konkrit tapi pihak kapitalis atau swasta selalu diberi lahan buat bangun cluster di lu,Not_HS
"Hehehe keliatan istrinya pak Agus belum bisa masuk dunia politik,",Not_HS
Hmm.. Susah ya ternyata ngerti sarkas. Byk yg gagal paham �ð���,Not_HS
"hok hok gmn ente gak dibenci berjamaah, wong uang masuk orang ente basmi. Wakakaka",Not_HS
Huahahaha....�ð���paling ganteng jg x min...�ð���,Not_HS
Imam besar kok gitu,Not_HS
"Ingat Teman Surat Al-Baqarah Ayat 120 Sebagai Berikut, Allah Subhanahu wa Ta�â��ala berfirman,  �Ù��Ù��Ù��Ù��Ù� �Ø�ª�Ù��Ø�±�Ù��Ø�¶�Ù��Ù��Ù�° �Ø�¹�Ù��Ù��Ù��Ù� �Ø�§�Ù��Ù��Ù��Ù��Ù��Ù��Ù��Ø�¯�Ù� �Ù��Ù��Ù��Ù��Ø�§ �Ø�§�Ù��Ù��Ù��Ù��Ø�µ�Ù��Ø�§�Ø�±�Ù��Ù��Ù�° �Ø�­�Ù��Ø�ª�Ù��Ù��Ù��Ù�° �Ø�ª�Ù��Ø�ª�Ù��Ù��Ø�¨�Ù��Ø�¹�Ù� �Ù��Ù��Ù��Ù��Ù��Ø�ª�Ù��Ù��Ù��Ù��Ù� �â��Orang-orang Yahudi dan Nashrani tidak akan ridha�â�� kepadamu hingga kamu mengikuti ",Not_HS
Inget admin... yang sekarang jadi pemimpin dan sekaligus pengusaha (dulunya) bukan hanya sandiaga lho.. pemimpin2 yang diatas juga sebelumnya penguasaha :),Not_HS
inggeris ingerisan Om...hihi,Not_HS
"ingin saya katakan ""tidak pada FPI!!"" tapi tidak boleh..",Not_HS
Ini kocak @kvtirza @hmargarethelena @ebriliyanti @sallyfebriana,Not_HS
Ini koplak puooll mbak @macrame_bali �ð����ð���,Not_HS
Ini miminnya memihak nomor 2 ya? Keknya postingannya byk yg nyindir Pak Anies gitu..,Not_HS
Ini nah photoshop,Not_HS
Ini yan plin plan medianya apa siapa ?,Not_HS
Ini... Maksud mimin.... Saya?!?!?! #kabur,Not_HS
Inilah yg namanya retorika.,Not_HS
Ira Koesno warbyasah :v,Not_HS
Itu jangan bawa-bawa agama lahh,Not_HS
itu kismis�ð���,Not_HS
Itu sama nyonya memo sblahnya ? �ð���±,Not_HS
Iya juga ya �ð���±,Not_HS
Iya juga ya... malah jadi kutukan,Not_HS
Iya kalo ketemu nya sama tukang koar kopar-kapir ya min @memehumorpolitik �ð����ð����ð����ð���,Not_HS
"Iya udah beruntung cuman yg sekarang banyak gk tay diri gitu mentang-mentang gratis, wkwk @enig_magine",Not_HS
jadi maksudnya bayar kontan???? ngomongnye belibet yeee...pegimane sih,Not_HS
"Jangan mudah percaya,sumbernya mana? Jangan jadi pembaca tanpa observasi dong. Tolong bijak dalam bertindak�ð���",Not_HS
Jd inget yg KABUR ditanya LISTRIK NAIK wkwk wajar yang lain ngikutin mungkin mengisnpirasi.. Wkwk,Not_HS
"jelas google funya mamarika, kok ga berani boikot...kenafaaa...fenistaan terhdaf mamarika...",Not_HS
Jman dulu pemimpin yg bener juga selalu diolok2 dan dicari kesalahannya wkwk,Not_HS
Kabinet ramping = ga jadi Ga bagi2 jabatan = ga jadi 1 dolar 10000 = ga jadi Beli freeport = ga jadi Buy back indosat = ga jadi Bagi2 traktor = ga jadi  Ga cabut subsidi = ga jadi Ga utang luar negeri = ga jadi Stop import = ga jadi Gunakan akal sehatmu �ð���,Not_HS
Kalau omfong ngak wisa ngingit fisa hot,Not_HS
Kalau pemimpin kerja sama sama rakyatnya gak bakal ada masalah di lingkungnya..masalah banjir ayo sama-sama gotong royong untuk mengatasinya,Not_HS
"kalo Mark Zuckerberg tau hasil karyanya difitnah gini dia bakalan terima gak ya? kalo enggak, gue bakal bilang sama beliau kalo ada warga Indonesia yang nyalah�Â�²in karyanya �ð���",Not_HS
Karena fadli zon dan fahri hamzah kena pindak pidana pajak gara2 keseret kasusny handang yg udh d tangkap dlu an ma petugas kpk,Not_HS
Kenapa udh banyak org yg mulai mengira2 hasil kerja pak anies-sandi padahal keduanya pun belum merasakan secara resmi atau bekerja nyata menjadi dki 1 dan dki 2? Presiden aja dinilai kinerjanya setelah jabatannya selesai. Berseberangan boleh tapi pakai aka,Not_HS
"Kl jd wagub pasti korup duit utk balik modal kampanye. Apalagi otak pengusaha, pasti cari untung..Gawat deh #Jakarta kl dia sampe menang :/",Not_HS
"Knpa y rata"" pendukung ahok pake akun palsu buat nge hina?? Dan mudah di bohongi berita"" gini!!",Not_HS
Mana berani?kl roti mereka boikot krn emang ga sanggup beli sari roti hari2 makannya gorengan sama singkong.lah kl twitter mereka pakai saban hari utk nyebarin hal2 jorok dan kotor..mereka kan seneng yg kotor dan jorok jd mana berani boikot.�ð���£�ð���¥�ð���£�ð���¥�ð���£�ð���¥,Not_HS
"mau nanya, kalau rata2 tps banyakan milih no 2 kenapa hasil quick count nya ahok sama anies beda tipis ya �ð��¤��ð��¤�",Not_HS
"Menghalalkan segala cara,kalau kepilih jakarta digadaikan,anies",Not_HS
"Merasa mayoritas dan ingin mendapat lbh.makanya org2 begini ga bakal sukses,Tuhan jg tau sifat2 manusia spt ini.contoh bill gates semakin besar semakin berbagi dan semakin merendah.seharusnya yg mayoritas berbangga krn negara ini bisa memberi tempat kpd mi",Not_HS
Mimiiinnnn kok fp humor politik di fb suka ilang yahh??? imiinn ngajak main petak upet yaa �ð���¢�ð���¢�ð���¢,Not_HS
Min buat dong...lucu lucuan perseteruan dua kubu....kubu yang atu lagi nonton pertarungan itu sambil tersenyum dapat rejeki kaget,Not_HS
"Min jgn di bully lg ah, dia lebih ksatria dr capres yg kalah dlu lhoo, meskipun menang di postmetro jg ga pke sujud syukur..lgsung tlp pak Ahok ucap selamat",Not_HS
Mungkin baru sebagian yang mau diajak kerjasama,Not_HS
mungkin dia lebih suka yang ujungnya gede dan mengkilat,Not_HS
ngomong tok. coba dipraktekin beramal. ga usah bacot muslim2.  tapi mau ngatasin banjir aja kudu jadi gubernur dulu wgwg,Not_HS
Ntar rivalnya ...musuh bebuyutan dari paslon yang kalah di putaran 2 jakarta.....imajinasi begono...,Not_HS
Oh mungkin harusnya adu joget �ð��� lha ini pilkada apa dangdut akademi �ð���¯,Not_HS
Oh terimakasih pak anies.. Sy ikut bangga al*xis ditutup... �â��º�â��º,Not_HS
Orang jawa barat yang hadir ada yang bisa nyebutin hasil positif apa gt untuk perubahan jawa barat selama hampir 10 tahun ini..,Not_HS
"Orang kurang Telolet mah emang begitu �ð����ð��� ,#MinTeloletMin",Not_HS
Owh hahahaha tar dikejar ma pepo&memo kan repot �ð���,Not_HS
Penistaan FPI.. HAHAHA,Not_HS
Penjara anjirr no dua wkwkkwkwkw,Not_HS
Penyebabnya karena temen gue ngawur tingkat dewa,Not_HS
Piye jal sahabat Hanif? @pmiipancasilabrawijaya @pmiibrawijaya @pmiifisipunej,Not_HS
Pizza mungkin asalnya italy. Tp warungnya dibangun di Amerika,Not_HS
"Politik mah gitu, ya emang bunglon. Karna ga ada musuh/pun teman yg abadi. Kepentingan yg abadi.",Not_HS
Posting lagi dong @memehumorpolitik,Not_HS
"Produk kafir keren"" lhohh,  kamu pikir instagraman pake android produk siapa",Not_HS
"Raja Kerajaan Demak pertama konon bernama Han Boen berganti nama menjadi Raden Patah, oleh sebab itu masjid di Nusantara memiliki Bedug yg berasal dr budaya Tiongkok. Berbagai alkulturasi budaya lainnya seperti tradisi Warak Ngendok, Singa Barong di Jawa d",Not_HS
rakyat ndasmu �ð����ð���,Not_HS
Rakyat tunggu penjelasan di debat nanti... mengapa berubah ubah ? Kalo akui salah akan dpt jempol seperti ketika prabowo di debat dulu akui jokowi punya ide program yang bagus...,Not_HS
Rizieq sehat ????,Not_HS
Sampah hahahah takut ea pak gak disetujuin program dan kegiatannya wkwkwk,Not_HS
"Sampai berakhirnya debat cagub DKI Jakarta, saya suka dengan bahasa tubuh paslon 2 dan 3. Debat boleh panas dan partai pendukung boleh beda tp hubungan personal dan sosial tetap adem ayem.",Not_HS
Sandi uang nya dapat nemu dibantar  gebang �ð����ð����ð���,Not_HS
"Saya bisa jawab asal sepeda nya tetap untuk sby.1 ..Hambalang, 2 tol trans jawa . 3 ..pemabangkitt listrik 4, tpa sampah bandung, 5 sumber air bandar lampung..wah banyak masih ada -/ 34 proyek mangkrak yg merugikan negara hampir 150 trilyun .wah ...dikema",Not_HS
"Saya cuman nanya ""Bu knp skr lgi trending #ahytakutdebat knp Bu???"".... Langsung d blokir.hhhh memo sensi banget",Not_HS
Saya ga mengerti dari sisi mana lucu? Jelas2 dr dulu jokowi emg gitu . Dodol dah,Not_HS
seandainya pas msh sekolah gubernurnya udah ahok�ð���­,Not_HS
Sebenarnya g ikhlas kucing - kucing comel jadi simbol group onoh �ð���°,Not_HS
Sebutkan 5 anggota dpr dan mentri jago korupsi dijamin mu sby..?.....nanti ambil sepeda ontelnya,Not_HS
Sekarang coklat haram loh min,Not_HS
sekarang...kriminalisasi ul*m* (katanya...) �ð���,Not_HS
Selamat buat warga DKI. Bentar lg punya gubernur baru yang progja nya luar biasa dan yang penting santun...,Not_HS
Serba salah juga sih Min.. Kalo ga begini tar takut malah rusuh.. #mungkin,Not_HS
"Sudah di tandatangani, kalo salah kenapa mau tanda tangan? Frihatin",Not_HS
"Susah emang wkwk,terus pas di ss ,dikira goblok beneran gw bilang ""gw nge sarkas om"" dan balasan mereka : ""sarkas kok bilang bilang""",Not_HS
Tarzan nya pakai sorban,Not_HS
Timses itu beda dengan staff..tolong di catet �ð����ð����ð���,Not_HS
TNI AU aja sudah muak sama MEREKAH! LOLz mampos! :'D,Not_HS
"Tolol admin yang posting. Lu pernah gak sih liat orang gali sumur, di gali malah keluar air. �ð����ð��� trus kasus lumpur lapindo yang di gali malah keluar lumpur. �ð��� versi bumi datar nggak se cetek otak lo min jadi jangan bawa2 kaum bumi datar untuk politik. Kalo ",Not_HS
Twitter kan produk kafir. Knp rizieq mau ngaca? Katanya sih ga boleh pake produk kafir kenyataan dia sendiri make,Not_HS
"Udh bae"" dibuatin ke bus, malah mau buat angkot lagi @sk.detta �ð����ð����ð��� huuftttr",Not_HS
"Ulama mah yg adem, jgn tendensius gt a... Nyebar hoax ntar kalo di lurusin kita dibilang melecehkan ulama... Ah sudahlah, ente yg paling bener deh pokoknya..",Not_HS
"Wahai Kaum Muslim Ingat, kepada Rukun Iman kan? Humor Politik ini dia Racun Tampa Kalian Sadari Dia Mendoktrin Kalian Dengan Keburukan ISLAM Tentang Habib Rizieq, FPI Itu Ormas Yang Sangat Berani. Karna Ahok Sudah Sejas Bersalah Kaliam Umat Muslim Yang Men",Not_HS
"Wakaka anggap aja ane yg bego. Itu bukan hoax, itu joke. Joke kan yg tempat duduk kendaraan kan ?! Ah sudahlah �ð���",Not_HS
Walisongo pun banyak yg keturunan tionghoa.. ada jg yg dr vietnam ..,Not_HS
"Wkakakakak pak pak konsisten dong, jangan jangan sama istrinya juga ga pernah konsisten",Not_HS
"Wkwkwkw siap siap dipimpin the king of kata�Â�² keberagaman, ampe eneg gue dengernya",Not_HS
"Wkwkwkwkwk.. Dari postingan,"" yg nt share jg mengandung politik kan min,,? Di bayar berape lu,,?",Not_HS
ya ini mirip jg dgn pejabat dulu yg tak mau dikait2kan dgn PKI,Not_HS
"ya itu trgantung kebijakan kepala daerah masing, itu foto ahok kn jakarta",Not_HS
"ya semenjak habib novel bilang dr itali min, udah min jgn d bahas terus ntar ente d boikot, karna meme asalnya dr amrik, hahahah",Not_HS
yah namanya juga mau jadi gubernur. apa aja juga dikata biar dikata mikir ga mikir. �ð����ð���,Not_HS
"Yakin dong, kan yg penting seagama. wuakakaka",Not_HS
"YAKIN DONG,yg penting kita udah ngikutin perintah agama",Not_HS
Yakin lh dipimpin gubernur islam....,Not_HS
Yang komen mungkin kuper liat tuh presiden papua nugini lebih lucu pakaian nya persis rok perempuan ...dan beberapa negara di afrika pakaian nya lebih ekstrim tapi gak dicemooh tuh ama rakyatnya,Not_HS
"Yg namanya ulama infotainment, klo berhubungan dg infotainment pasti slalu tampil...",Not_HS
@_8055_k4mvr3t demen banget dibegoin trusss.,Not_HS
@a2llysa hahahaha sakit hati gara2 ditolak,Not_HS
@a2llysa ya sudah lah. Kita yang waras pulang yu. Biarkan para cebongers kembali kehabitatnya...,Not_HS
@aktifis_mediasocial . Apa yg perlu saya ingat?? Saya lupa!!,Not_HS
@aktifis_mediasocial .. Yang bilang kau takut siapa? Kau pikir takut aku sama mu a? Memang!!!... Lagian ngapain kau bawa-bawa micin? Kau pikir udah hebat kau itu? Memang bilang juga,Not_HS
@aktifis_mediasocial ... Gitu lah bilang dari tadi. Kan kalau kek gini kan enak ngomong nya. Nggak perlu emosi-emosian.. tapi ngomong-ngomong anak mana bang?. Dari cara bicaranya kayak nya sekampung kita ini.,Not_HS
@aktifis_mediasocial ... Kau lah yang pintar itu. Banyak penelitian mu. Dapat beasiswa kau. Emosi aku ini!!! Kau jangan mancing-mancing. Aku kalau udah emosi gak bisa kulihat telinga ku,Not_HS
"@aktifis_mediasocial hahaha bisa aja Abang ini melawaknya bahh. Semua nya kita anak mamak bang. Ya, andai kata pun ada yg enggak, paling-paling itu anak mother",Not_HS
"@aktifis_mediasocial hahaha, begitu nya rupanya bang. Aku pun baru-baru nya punya Instagram ini bang, makanya heran kali aku lihat postingan2 instagram ini.. kurang tau sih aku komat bang",Not_HS
@ana_nst_nst_nst Kan lagi ngurusin jokowi topik kali ini doang negara kan banyak ada mentri dll urusin juga dong�ð���,Not_HS
@ana_nst_nst_nst kan postan ini lagi bahas bapak jokowi gimanasih. Berarti lagi ngurusin dia doong. Ah emosi aja malu ni sama saya yg bocah �ð���,Not_HS
@ana_nst_nst_nst oh gitu udh dipilih sah kan? Ko kalo ada kurangnya  dikomen terus kenapa ya kak?,Not_HS
@ana_nst_nst_nst tapi beliau juga orang kak. Kasian dikomen netijen terus kudu sempurna terus,Not_HS
@andikaprastiyo82 assalamualaikum mas.jika memang sudah di klarifikasi mohon etika berbicara nya di jaga ... Atau bisa DM saya... Sampean orang mana mas ?,Not_HS
@andikprastiyo82  disini untuk mengatakan Atau menggiring opini yang jelek ke PEMERINTAHAN siap ? Jika sampean Paham dengan Sistem Pemerintahan Sekarang. Antum gak akan Berkata Demikian mas...,Not_HS
@andikprastiyo82  jika antum bisa Santun sedikit dengan Orang alangkah baik nya tau lebih dulu untuk materi yang disampaikan nya jika memang itu sudah HOAX menurut ente.... Dan maaf .jika antum Gk mengerti tentang Sistem Pemerintahan sekarang .jangan bahas,Not_HS
@andikprastiyo82 cebong kesindir,Not_HS
@andikprastiyo82 dan ini bukan akun bodong.,Not_HS
"@andikprastiyo82 Hhhmmm .., sepertinya Anak zaman now ... gagal paham beretika / Kharakter Budaya Indonesia ...",Not_HS
@andikprastiyo82 pertanyaan ente udah ane jawab semua mas...baca baik2 .. pertanyaan ane yg belom ente jawab ?..,Not_HS
@andikprastiyo82 wess takut aku sama kau kek macan aja.,Not_HS
"@andra_wm udh bnyk kejadian masa dibilang hoax, melek dong !!!",Not_HS
@antoonyet mak erot masih buka keknya �ð����ð����ð���,Not_HS
@arhiieharun coba buka @dahsyat.musik uda ada klarifikasinya.cuma kan blum minta maaf sama masyarakat.intinya bhentiin aja tu acara.sampe lupa acara bagus itu ga melulu modal hahahihi tapi yg berbobot dan mendidik,Not_HS
"@arikamare BEDA!! Islam lah agama yg paling lurus,tiada sekutu bagi Allah yg Maha Pengasih lagi Penyayang dan Nabi Muhammad SAW itu utusanNya (Nabi terakhir zaman.)",Not_HS
"@arikamare HWAHAHA NGAWUR!!! Mana buktinya jika Isa Al masih anak Allah?? Coba terangkan di kitab injilmu yg sudah diacak"" kemurniannya",Not_HS
"@arikamare iya sih karena dua perbedaan kepercayaan di debat itu ujungnya tidak nyambung. Karena islam dan Kristen itu beda kepercayaan walaupun sebenarnya tuhannya sama. Jadi intinya agamamu ya agamamu, agamaku agamaku. Yg terpenting adalah menjadi warga ",Not_HS
"@arikamare memang Allah..tpi bukan agama kita sama,nasrani ya nasrani..islam ya islam. Tak ada kesamaan",Not_HS
@arikamare yesus anak tuhan. Tuhan adalah bapak.  Di kitab(alqur'an) saya allah swt maha agung maha pencipta langit dan bumi beserta isinya. Berdiri sendiri dan tak beranak dan tdk pula di peranakan. Ya klo pengen tahu coba pelajari di surat al-baqarah aya,Not_HS
@arroyah.id taktik licik oleh seroang yg licik. Karena bencimu jadi logikamu ketutup bro. Tabayun,Not_HS
@aru_osaka itu presiden apa kontraktor sih kok proyek infrastruktur mulu yg di uber,Not_HS
@assalam2402 baca kepsen om -_-,Not_HS
@assalam2402 ciri ciri orang males baca nih wkwkwk...,Not_HS
@b.andri.t terus bukan Allah yg menciptakan mereka ?,Not_HS
@b.andri.t tuhan bapak itu allah,Not_HS
"@b.andri.t yg bilang agama sama siapa , tuhannya yg sama pfft",Not_HS
@bambangarmyanto jgn percaya.cm gambar org gila.gambar daftar nama kyai. Di gabung pake PHOTOSHOP. apa itu bisa di sebut berita?..... Ini cm HOAX.,Not_HS
@budivalhoten iya mereka minoritas aja songong gmn mayoritas penduduknya,Not_HS
@buriburiizaemon GW PENGEN TAHU SEBERAPA BESAR NYALI LOE DI DUNIA NYATA..,Not_HS
@buriburiizaemon hahahaha.... Enak nya ente mau di slesaiin di sosmed apa ketemuan ?,Not_HS
@capcaisyin melawan lupa. Kasus mantan PM thailand,Not_HS
@cinta_nabidanhabaib :Aaamiin Yaa Rabbal 'aalaamin,Not_HS
@cinta_nabidanhabaib aamiin,Not_HS
@cucu_khoiri boleh cek ig ato fb saya.. silahkan.. ato mau saya fotoin ktp dan identitas saya yg lainnya.. mau yg mana??,Not_HS
"@cucu_khoiri di daerah saya pembangunan terasa tol sudah tahap demi tahap terlaksana, tidak ada pencitraan",Not_HS
"@cucu_khoiri duh bos jangan terlalu nampak (maaf) bodohnya bos.. identitas lain selain KTP itu bisa SIM, Akta Lahir, KK dll.. gimana sih bos kok gitu aja gak tau.. n saya ini orangnya apa adanya bos kalo foto, gak ahli masalah edit2.. ampun2 deh.. itu ig s",Not_HS
@cucu_khoiri hehe anak gak pernah menghargai kinerja orang. Dan gwe tetap apresiasi kinerja pakde. Gwe mau dukung elu ? Apa yg mau di dukung coba. Elu jga gak punya prestasi kan buat indonesia. Gak usah sok fitanah . Nyesel loh nnti hehehehe. Kalo pakde pr,Not_HS
@cucu_khoiri insfrastruktur di bangun jga untuk mempermudah masyarakat . Memprrmudah segalanya. Berfikir cerdas napa. Jangan pake sumbu pendeknya  hehehe.  Gak usah munafik lah intinya semua butuh kerjaan semua butuh uang untuk kehidupan sehari2. Dari kebu,Not_HS
"@cucu_khoiri kau tau apa soal membangun?? Saya ini lahir dan besar di papua. Presiden dari dulu hingga sekarang yang benar2 membangun adalah Pak @jokowi khususnya diwilayah papua. Sperti jalan trans papua, bandara dan pelabuhan dll karena akses dari 1 daer",Not_HS
@cucu_khoiri lu percaya gak presiden bisa memperbaiki perekonomian ? . Kalo lu gak percaya . Dan percaya sama statmen sendiri sok lu pikir bagaimana cara membangun perekenomi negara ?  Semuanya menggunakan strategi. Gak asal jebret jebret. Mangkanya 2 peri,Not_HS
@cucu_khoiri saya pendukung jokowi teh. Saya publikasikan. Emang kenapa coba kalo dukung pakpres ? . Beliau sudah maksimal dalam menjalani kinerjanya. Pembangunan di mana2. Itu sebagai strategi untuk memperbaiki ekonomi negara.,Not_HS
"@cucu_khoiri tidak di daerah saya tol Bocimi sedang berjalan prosesnya kalau tidak ada tol tersebut nantinya ,jalan yg selama ini ada akan mengerikan ,karena truk besar dan transportasi umum menyatu , bulan ramadhan tahun kemarin ada ibu ibu ( maaf ) menin",Not_HS
"@dewipriyanti2424 tausyah aa, bong baca tuh, kalau ada yg gk kalian ngerti, silahkan tanya ke yg bersangkutan., tapi apa cebong bisa mikir yaa., �ð���",Not_HS
@dide_hijaudaun kerjaan ga jelas ga ada manfaatby lebih banyak mudorotny.bikin jln dpapua.kaljma tan.....toh dsana ga macet...,Not_HS
@divisihumaspolri @bssn_ri  @cybercrime.id  @polresbogor  mohon selidiki akun @muslimalqassam,Not_HS
"@dvikaaaaa jokowi presiden, presiden adalah kepala negara, dipilih sah oleh penduduk indonesia, indonesia punya ratusan juta penduduk, nah untuk isu negara yg sedang d ambang kehancuran dr segi ekonomi dan politik, siapakah yg harus d bahas dan berperan sa",Not_HS
"@dvikaaaaa mba mohon maaf semua orang itu tidak luput dari kesalahan. Kita yg harus mengingatkan, pak jokowi adalah pemimpin negara ini. Dia wajib tau permasalahan apa yg menimpa negara ini. Benar ini mengkritik pak jokowi, tp mengkritik untuk mempengaruhi",Not_HS
@edwardsyah58 benar. Gub Anies sedang memeriksa kasus korupsi di pemprov DKI dg mmbentuk KPK lokal. Dan.mrk yg pernh.korupsi pasti sekarang sedang mncari cara utk menyelamatkn diri dn uang hsl korupsinya. Salah satu cara adl METODE PENCUCIAN.UANG.,Not_HS
@erdy_susandi iyah masalah buatlo?,Not_HS
"@erdy_susandi santai aja brooo,memang ada masalah buat looo,justru mengangan angankan peminpin yang jujur dan baik ituu wajar,sbb sudah kebnyakan yang cuma ngomong doang dan penipu",Not_HS
"@faiyarma Amin .Kalau gubenurnya pro wong kaya Imannya tipis,bisa - bisa di sambangi KPK.Semoga pak Anis dan pak Sandi selalu dibimbing Allah SWT",Not_HS
@faridahhasan_ semua sudh jelas ya :),Not_HS
@faridahhasan_ sy jg dah lm ga nonton acara sprt ituu...ga ada faedahnya ku rasa..,Not_HS
@febriantidanty semoga dapat hidayah yah antum,Not_HS
@febriyan97 agama islam tida melarang berpolitik cebong,Not_HS
@hanna_heroe maunyaaa digoyaaannnggg,Not_HS
"@hartoyomdn jng di pikir anda aman sdah mncela ulama kami... Ingat dng bantuan Allah swt yg maha tau sgalanya anda akn kami ketemuksn, mski anda lari keubang semut pun... �Ø�§�Ù��Ù��Ù� �Ø�£�Ù��Ø�¨�Ø�± �ð��� �ð��� �ð���",Not_HS
"@hartoyomdn rajin- rajin lah ke psikiater,ada gangguan kejiwaan tuh",Not_HS
@heriansyah2233 mas bro rakyat yg memilih presiden lantas knpa rakyat tidak bisa pecat presiden.,Not_HS
@heriyadi_rie : jgn membawa nama seorang ibu.. Saya rasa anda mengerti ..,Not_HS
@hermansyah0313 dwonload di play store ... sama kaya fb dah....,Not_HS
@hermansyah0313 udah banyak ko... yang pake...,Not_HS
@hotpop3102526112016 lah udah lihat post mimin yg bru belon cek dah,Not_HS
@hotpop3102526112016 maunya gimana,Not_HS
@hundred_names_ enakkk tohhh.,Not_HS
"@iam_budi memang betul adaa , ktp di buat oleh pihak aseng dari tangan kotor rezim hehe..",Not_HS
@iam_budi saya pernah melihat pendatang dari nergeri tiongkok punya ktp dan sim indonesia dan mereka kerja ditambang batu bara bro,Not_HS
"@ibunk_gondronk habis kita semua klu mrka mayorits,,semakin sehari semkan jadi kita direndah kan ,,,knpa ya umat islam juga msh blm bisa besatu padahal sdah bnyak korban yg mati dinegara lain",Not_HS
"@ibunk_gondronk s7 bngt,,orang islam skrng dijadi kan makanan ole mrka2",Not_HS
@indie_fdha �ð����ð��� pasti gk dikasih kendor dong.hehehw,Not_HS
@indranazar_999 justru yg menyiapkan mengusung gatot&TGB adalah prabowo.. �ð��¤�£ setujunya loe sama aja sepihak sama prabowo.. #mantancebong biasanya yg kek gini,Not_HS
"@izulhqq kaya baru liat orang yg pura"" lugu aja. Atau mungkin kalian,termasuk orang yg pura"" lugu juga. Sama kya sperti pimpinan anda.",Not_HS
@jek284 infrastruktur yg mana?? jalan tol bertarif kok bangga..lagian yg pakai tol sdh pasti org2 mampu.lha  katanya pro rakyat kecil mana ??,Not_HS
"@jek284 kinerja dgn hutang yg meroket?rakyat juga yg dibebankan,dgn menaikan harga kebutuhan pokok. Mngkin seperti kita masih mampu membeli'y, tapi bagaimana dgn rakyat yg hidup ""menengah kebawah""? Kita hrs juga pikirin mereka..(dengan memilih pemimpin yg ",Not_HS
"@jek284 percaya gk percaya.. harus percaya, suka gk suka.. harus suka, mau gk mau.. yaa harus mau... namanya jg kekuasaan tertinggi di pegang Presiden (org nmr satu).. ini fakta loh.. klo hrga kebutuhan hidup naik khususnya buat pulau jawa (lpg,listrik, be",Not_HS
"@jek284 untuk mempermudah impor, termasuk impor tenaga kerja dr luar.",Not_HS
@jendral.kodok_ingin.kawin212 najissss !!!!,Not_HS
@jendral.kodok_ingin.kawin212 suka2 gw dong. Maaf maaf maaf cebongers dilarang masuk ...,Not_HS
"@jundu1135 astagfirulloh , maksud saya itu mereka juga mengangap allah sebagai tuhan mereka , tetapi mereka salah mengartikan yesus sebagai anak allah , udah jgn didebat lagi ya saya memang kurang banyak mengetahui agama , tp saya anggap allah tuhan kita s",Not_HS
"@jundu1135 maaf nih , gua cm mau bilang klo tuhan mereka juga allah ,terlepas adanya tuhan yesus juga , jd semuanya itu bertuhan kepada allah swt. Jgn cela agamanya tapi cela orang2 yg menggunakan agama tersebut untuk kepentingan dirinya sendiri ,sekian te",Not_HS
@kokopasi dia mentri... Dan cek aja hasil kinerja nya... Dari pda tidak sama skali.... Dr mna kita bsa mnilai nya?,Not_HS
"@layla_as2008 Niat utk jatuhin pak anis&sandi...smga Allah melindungi beliau"" dr org yg berniat jhat&zolim",Not_HS
@layla_as2008 uda ada niat ga bgus kyknya niih..,Not_HS
@mahadewi161 tolong donk postingan ini diangkat ke akun ente min..,Not_HS
@maharaniparahyangan iyaa ukhti. Betul hehehe,Not_HS
"@maharaniparahyangan klo baca dari penjelasannya, itu bukan SINGKATAN, jadi ga ada kepanjangannya.. itu kayak KATA artinya celah.. menurutku sih gitu..",Not_HS
"@matnoorjaelani gini, saya maunya usut dulu kevalidan foto di atas, biar gak asal njeplak. Ngapain ngusut kamu",Not_HS
@muslimalqassam  jgn heran akhy demi fullus sgl cara di halalkan sm.rezim dobol ini,Not_HS
"@muslimalqassam ADMIN KUPER ATAU GAPTEK YA KAN ITU PERNAH DI POST AMA AKUN MCA DAN UDAH DIKLARIFIKASI KALO KASIH FOTO JGN SATU AGAR TDK MENGGIRING OPINI RAKYAT MENJADI JELEK.KPDA PK JKW DISAMPING SULTAN ITU KAN ADA PANGLIMA TNI , DAN LAGIAN FOTO SAMA PRESI",Not_HS
@muslimalqassam akhy ana no satu org yg g suka sm kebijakan jokowi dgn sgl cara mrk membanned fb ana tp ana kgk nyerah untk menyuarakan kebenaran allahu akbar �â���â���â���â��,Not_HS
"@muslimalqassam apa nggak malu kamu pake nama muslim tapi kamu memprovokasi orang, mengajak orang lain membenci.. MANFAATNYA APA UNTUK ORANG LAIN? Lebih baik menyebarkan berita yang bermanfaat..",Not_HS
"@muslimalqassam asalamu'alaikum sodaraqu, saya mohon ma'af, tadi sebelum membaca seluruhnya, saya sempat su'uzon kepada #Mimin, saya pikir tadi mimin berjata ke si Pelanggan yang disangka pencuri.... sekali lagi saya mohon ma'af....",Not_HS
"@muslimalqassam eh cebong teriak cebong, okey deh bong",Not_HS
@muslimalqassam gregetan sama rezim sekarang..m rasanya mau ane pites kyk kutu.. �ð��� hanya rakyat yg berfikir sosok siapa yg sangat ambisisus menguasai negara ini...,Not_HS
@muslimalqassam JANGAN SAMPAI MEMBUAT ORANG MNJADI BERFIKIR TRNYATA YG ADU DOMBA ITU ORANG ISLAM.JANGAN SAMPAI,Not_HS
@muslimalqassam jika kalian ingin sekolah di bakar dan anak dibawah umur dicabuli. Maka pilihlah pasangan yg diusung oleh partai yg berseberangan dengan PDIP.,Not_HS
@muslimalqassam kalaupun........semoga beliau mendapat syafaat dari Rasul atas ijin Allah.dah gt aja.�ð���,Not_HS
@muslimalqassam KALO SUKA BIKIN HOAX ADU DOMBA GANTI NAMA AKUNMU JANGAN PAKAI NAMA ISLAM,Not_HS
"@muslimalqassam Lah saya tanya berita itu HOAX APA BENER SIH MENURUTMU BAHWA PK JKW NGK SOPAN ,Dan saya katakan sistem pemerintahan sekarang #DEMOKRASI",Not_HS
"@muslimalqassam lalu knpa bikin berita palsu menggiring opini orang agar lebih benci kepemerintah , INI BERITA BASI YG SUDAH DIKLARIFIKASI TPI SKRANG DI POST LAGI",Not_HS
Bubarin aja. Ga mendidik,Not_HS
"Bukan, Yudi itu judul lagunya Bang Haji Roma Irama.. @bukanfotoglapel",Not_HS
Bukannya medan ke asmat berat wi ..jokowi,Not_HS
Bukannya yang 35t itu ada hub dg PS??? Coba deh cek detailnya..,Not_HS
Busuk. Masya Allah,Not_HS
"cacat banget.. di indo mah minta maaf kesalahan apa juga dimaafin kali yah.  giliran warga kita diperlakukan gak enak. di deportase lah, dilecehin agama nya lah dllnya. giliran cina masuk kesini rombongan udh gitu pd blagu... idup bebas berpendapat,  menca",Not_HS
"Cebong lagi ngomong ,mana ada yg percaya cebong",Not_HS
"Cebong lg sok sokan krna dlindungi pemerintahan yg bobrok, psti nysel ni cebong krna g dlindungi oleh Allah SWT",Not_HS
Cebong.... cebong...,Not_HS
"cebongg tiba2 membela agamanya ,, selama.ini kemana ajah loe bongg ,, mau dapet dukungan dari umat islam yah ,, menjelang pemiluu",Not_HS
Dasar Negara sdh tdk ada,Not_HS
"Jgn pernah meninggalkan ulama, kiai, ustad sendirian, mulai sekarang harus selalu dikawal!",Not_HS
Sampe gak keliatan saking ramainyaa�ð����ð���jutaan cacing kali mksudnya min�ð���,Not_HS
#ORANG ISLAMJIHADPOLITIK#MELEKPOLIYIK#SAVEISLAM#SAVEULAMA*,Not_HS
Aamiin Yaa Robbal'alamin,Not_HS
Allohuakbar semoga menang...2019 tenggelamkan rezim munafik,Not_HS
Allohuakbarr..#kamiBersama Gerindra'Pan'Pks'Pbb2019*,Not_HS
Allahu Akbar,Not_HS
@ratu9757 betul,Not_HS
Inilah yg ditakutkan ....orang2  munafik ....,Not_HS
Naha nya jarempe ari islam diserang mah. Helowww,Not_HS
"Assalamualaikum, Sahabat dakwah. Sudah punya topinya belum? Cek di IG kami yah. Ada topi tauhid banyak pilihan.",Not_HS
"Assalamualaikum, Sahabat dakwah. Sudah punya topinya belum? Cek di IG kami yah. Ada topi tauhid banyak pilihan.",Not_HS
Ikhwan mo tanya gedung Joang 45 dmn ya,Not_HS
"@dedijunaidi212 Jalan Menteng Raya No.31, RT.1/RW.10, Kebon Sirih, Menteng, RT.1/RW.10, Kb. Sirih, Menteng, Kota Jakarta Pusat",Not_HS
Syukron...�ð���,Not_HS
@dedijunaidi212 'afwan ya akhi...,Not_HS
Aamiin.. Yaa Rahman.. Yaa Rahiim..,Not_HS
Siaaap.... GERAK..!!!,Not_HS
Bkan polisi yg bilang gila tapi saksi ahli.,Not_HS
Britamu.. Gak bermutu...,Not_HS
